Coaster_Name,success_metric
The Piston Cup,295477.7314716182
Templo Proibido,217553.5724807207
Overdrive,174499.82525022465
Gold Rush,143628.430002574
Yeehaw Rodeo,137010.91343368066
Golden Gate Grizzly,124807.75251036085
Barco No Rio Amazonas,105943.91221669492
Corrida Pela Floresta,105266.86008875242
O Urubu,100859.71354385126
Busca Solar,96914.02382538473
